Workbook

Sheet Tracker
A1: DSA REVISION MASTER TRACKER
A5: Note: Colors appear only in Status and Confidence columns based on your progress.
A11: Main Topic | B11: Subtopic | C11: Status | D11: Rev Count | E11: Input (1-5) | F11: Confidence | G11: Last Revised | H11: Next Revision
A12: Function and array | B12: Introduction To Functions | C12: =IF(AND(H12<>"", H12<=TODAY()), "⚠️ REVISE", "✅ OK") -> 0 | D12: 0 | E12: 1 | F12: =CHOOSE(E12, "Clueless", "Logic Clear", "Hand held", "Independent", "Expert") -> 0 | H12: =IF(OR(D12=0, G12=""), "", G12 + IFERROR(VLOOKUP(D12, Revision_Intervals!$A$1:$B$8, 2, FALSE), 0)) -> 0
A13: Function and array | B13: Digit Frequency | C13: =IF(AND(H13<>"", H13<=TODAY()), "⚠️ REVISE", "✅ OK") -> 0 | D13: 0 | E13: 1 | F13: =CHOOSE(E13, "Clueless", "Logic Clear", "Hand held", "Independent", "Expert") -> 0 | H13: =IF(OR(D13=0, G13=""), "", G13 + IFERROR(VLOOKUP(D13, Revision_Intervals!$A$1:$B$8, 2, FALSE), 0)) -> 0
A14: Function and array | B14: Introduction To Number System | C14: =IF(AND(H14<>"", H14<=TODAY()), "⚠️ REVISE", "✅ OK") -> 0 | D14: 0 | E14: 1 | F14: =CHOOSE(E14, "Clueless", "Logic Clear", "Hand held", "Independent", "Expert") -> 0 | H14: =IF(OR(D14=0, G14=""), "", G14 + IFERROR(VLOOKUP(D14, Revision_Intervals!$A$1:$B$8, 2, FALSE), 0)) -> 0
A15: Function and array | B15: Decimal To Any Base | C15: =IF(AND(H15<>"", H15<=TODAY()), "⚠️ REVISE", "✅ OK") -> 0 | D15: 0 | E15: 1 | F15: =CHOOSE(E15, "Clueless", "Logic Clear", "Hand held", "Independent", "Expert") -> 0 | H15: =IF(OR(D15=0, G15=""), "", G15 + IFERROR(VLOOKUP(D15, Revision_Intervals!$A$1:$B$8, 2, FALSE), 0)) -> 0
A16: Function and array | B16: Any Base To Decimal | C16: =IF(AND(H16<>"", H16<=TODAY()), "⚠️ REVISE", "✅ OK") -> 0 | D16: 0 | E16: 1 | F16: =CHOOSE(E16, "Clueless", "Logic Clear", "Hand held", "Independent", "Expert") -> 0 | H16: =IF(OR(D16=0, G16=""), "", G16 + IFERROR(VLOOKUP(D16, Revision_Intervals!$A$1:$B$8, 2, FALSE), 0)) -> 0
A17: Function and array | B17: Any Base To Any Base | C17: =IF(AND(H17<>"", H17<=TODAY()), "⚠️ REVISE", "✅ OK") -> 0 | D17: 0 | E17: 1 | F17: =CHOOSE(E17, "Clueless", "Logic Clear", "Hand held", "Independent", "Expert") -> 0 | H17: =IF(OR(D17=0, G17=""), "", G17 + IFERROR(VLOOKUP(D17, Revision_Intervals!$A$1:$B$8, 2, FALSE), 0)) -> 0
A18: Function and array | B18: Any Base Addition | C18: =IF(AND(H18<>"", H18<=TODAY()), "⚠️ REVISE", "✅ OK") -> 0 | D18: 0 | E18: 1 | F18: =CHOOSE(E18, "Clueless", "Logic Clear", "Hand held", "Independent", "Expert") -> 0 | H18: =IF(OR(D18=0, G18=""), "", G18 + IFERROR(VLOOKUP(D18, Revision_Intervals!$A$1:$B$8, 2, FALSE), 0)) -> 0
A19: Function and array | B19: Any Base Subtraction | C19: =IF(AND(H19<>"", H19<=TODAY()), "⚠️ REVISE", "✅ OK") -> 0 | D19: 0 | E19: 1 | F19: =CHOOSE(E19, "Clueless", "Logic Clear", "Hand held", "Independent", "Expert") -> 0 | H19: =IF(OR(D19=0, G19=""), "", G19 + IFERROR(VLOOKUP(D19, Revision_Intervals!$A$1:$B$8, 2, FALSE), 0)) -> 0
A20: Function and array | B20: Any Base Multiplication | C20: =IF(AND(H20<>"", H20<=TODAY()), "⚠️ REVISE", "✅ OK") -> 0 | D20: 0 | E20: 1 | F20: =CHOOSE(E20, "Clueless", "Logic Clear", "Hand held", "Independent", "Expert") -> 0 | H20: =IF(OR(D20=0, G20=""), "", G20 + IFERROR(VLOOKUP(D20, Revision_Intervals!$A$1:$B$8, 2, FALSE), 0)) -> 0
A21: Function and array | B21: Introduction to Arrays | C21: =IF(AND(H21<>"", H21<=TODAY()), "⚠️ REVISE", "✅ OK") -> 0 | D21: 0 | E21: 1 | F21: =CHOOSE(E21, "Clueless", "Logic Clear", "Hand held", "Independent", "Expert") -> 0 | H21: =IF(OR(D21=0, G21=""), "", G21 + IFERROR(VLOOKUP(D21, Revision_Intervals!$A$1:$B$8, 2, FALSE), 0)) -> 0
A22: Function and array | B22: Arrays - Memory Management | C22: =IF(AND(H22<>"", H22<=TODAY()), "⚠️ REVISE", "✅ OK") -> 0 | D22: 0 | E22: 1 | F22: =CHOOSE(E22, "Clueless", "Logic Clear", "Hand held", "Independent", "Expert") -> 0 | H22: =IF(OR(D22=0, G22=""), "", G22 + IFERROR(VLOOKUP(D22, Revision_Intervals!$A$1:$B$8, 2, FALSE), 0)) -> 0
A23: Function and array | B23: Span Of Array | C23: =IF(AND(H23<>"", H23<=TODAY()), "⚠️ REVISE", "✅ OK") -> 0 | D23: 0 | E23: 1 | F23: =CHOOSE(E23, "Clueless", "Logic Clear", "Hand held", "Independent", "Expert") -> 0 | H23: =IF(OR(D23=0, G23=""), "", G23 + IFERROR(VLOOKUP(D23, Revision_Intervals!$A$1:$B$8, 2, FALSE), 0)) -> 0
... A236: Graph | B236: Iterative DFS | C236: =IF(AND(H236<>"", H236<=TODAY()), "⚠️ REVISE", "✅ OK") -> 0 | D236: 0 | E236: 1 | F236: =CHOOSE(E236, "Clueless", "Logic Clear", "Hand held", "Independent", "Expert") -> 0 | H236: =IF(OR(D236=0, G236=""), "", G236 + IFERROR(VLOOKUP(D236, Revision_Intervals!$A$1:$B$8, 2, FALSE), 0)) -> 0

Sheet Revision_Intervals
A1: 0 | B1: 0
A2: 1 | B2: 1
A3: 2 | B3: 3
A4: 3 | B4: 7
A5: 4 | B5: 15
A6: 5 | B6: 30
A7: 6 | B7: 90
A8: 7 | B8: 180
